Geography,FIPS,Estimate (Total consumer expenditures per household ),MoE (Total consumer expenditures per household )
"Census Tract 1, Alabama",01111000100,55355.15,
"Census Tract 1, Georgia",13121000100,196582.52,
"Census Tract 1, Georgia",13059000100,38964.68,
"Census Tract 10.01, Georgia",13121001001,124573.25,
"Census Tract 10.02, Georgia",13121001002,52050.89,
"Census Tract 100.03, Georgia",13121010003,145983.7,
"Census Tract 100.04, Georgia",13121010004,258645.11,
"Census Tract 100.05, Georgia",13121010005,298793.76,
"Census Tract 100.06, Georgia",13121010006,147763.03,
"Census Tract 100.07, Georgia",13121010007,243611.61,
"Census Tract 1001.01, Georgia",13217100101,82825.46,
"Census Tract 1001.02, Georgia",13217100102,121563.38,
"Census Tract 1002.02, Georgia",13217100202,117457.68,
"Census Tract 1002.03, Georgia",13217100203,98833.98,
"Census Tract 1002.04, Georgia",13217100204,103801.19,
"Census Tract 1003.01, Georgia",13217100301,72509.12,
"Census Tract 1003.02, Georgia",13217100302,93951.27,
"Census Tract 1004, Georgia",13217100400,69217.61,
"Census Tract 1005.03, Georgia",13217100503,76606.28,
"Census Tract 1005.04, Georgia",13217100504,65901.11,
"Census Tract 1005.05, Georgia",13217100505,114939.4,
"Census Tract 1005.06, Georgia",13217100506,69585.75,
"Census Tract 1005.07, Georgia",13217100507,75789.17,
"Census Tract 1006, Georgia",13217100600,58468.3,
"Census Tract 1007.01, Georgia",13217100701,47928.36,
"Census Tract 1007.02, Georgia",13217100702,60422.12,
"Census Tract 1008.01, Georgia",13217100801,71905.95,
"Census Tract 1008.02, Georgia",13217100802,79852.66,
"Census Tract 1009.02, Georgia",13217100902,73697.48,
"Census Tract 1009.03, Georgia",13217100903,67165.93,
"Census Tract 1009.04, Georgia",13217100904,91798.01,
"Census Tract 1009.05, Georgia",13217100905,81841.87,
"Census Tract 101, Georgia",13143010100,75482.61,
"Census Tract 101, Georgia",13211010100,85745.83,
"Census Tract 101, Georgia",13233010100,78660.32,
"Census Tract 101, Georgia",13159010100,65702.72,
"Census Tract 101.04, Georgia",13157010104,78233.71,
"Census Tract 101.05, Georgia",13157010105,85506.18,
"Census Tract 101.06, Georgia",13157010106,95630.58,
"Census Tract 101.06, Georgia",13121010106,138634.8,
"Census Tract 101.07, Georgia",13157010107,135261.45,
"Census Tract 101.07, Georgia",13121010107,272039.59,
"Census Tract 101.08, Georgia",13121010108,190319.72,
"Census Tract 101.08, Georgia",13157010108,79394.65,
"Census Tract 101.09, Georgia",13157010109,121171.59,
"Census Tract 101.15, Georgia",13121010115,171325.26,
"Census Tract 101.17, Georgia",13121010117,80933.4,
"Census Tract 101.20, Georgia",13121010120,94382.46,
"Census Tract 101.21, Georgia",13121010121,139737.82,
"Census Tract 101.24, Georgia",13121010124,68586.29,
"Census Tract 101.25, Georgia",13121010125,95449.5,
"Census Tract 101.26, Georgia",13121010126,82374.02,
"Census Tract 101.27, Georgia",13121010127,129448.97,
"Census Tract 101.28, Georgia",13121010128,52030.98,
"Census Tract 101.29, Georgia",13121010129,136772.34,
"Census Tract 101.30, Georgia",13121010130,139010.24,
"Census Tract 101.31, Georgia",13121010131,148313.49,
"Census Tract 101.32, Georgia",13121010132,128521.05,
"Census Tract 101.33, Georgia",13121010133,112042.03,
"Census Tract 101.34, Georgia",13121010134,71608.39,
"Census Tract 101.35, Georgia",13121010135,88331.43,
"Census Tract 101.36, Georgia",13121010136,150578.85,
"Census Tract 101.37, Georgia",13121010137,123662.49,
"Census Tract 102, Georgia",13211010200,78829.79,
"Census Tract 102, Georgia",13157010200,71125.46,
"Census Tract 102, Georgia",13159010200,72446.54,
"Census Tract 102.01, Georgia",13143010201,62861.33,
"Census Tract 102.01, Georgia",13233010201,77302.92,
"Census Tract 102.02, Georgia",13143010202,64238.89,
"Census Tract 102.02, Georgia",13233010202,73784.44,
"Census Tract 102.04, Georgia",13121010204,223073.57,
"Census Tract 102.11, Georgia",13121010211,220082.56,
"Census Tract 102.12, Georgia",13121010212,127938.24,
"Census Tract 102.13, Georgia",13121010213,58316.88,
"Census Tract 102.14, Georgia",13121010214,64091.95,
"Census Tract 102.15, Georgia",13121010215,152006.53,
"Census Tract 102.16, Georgia",13121010216,124671.41,
"Census Tract 102.17, Georgia",13121010217,139062,
"Census Tract 102.18, Georgia",13121010218,99164.3,
"Census Tract 102.19, Georgia",13121010219,78360.67,
"Census Tract 102.20, Georgia",13121010220,148353.74,
"Census Tract 102.21, Georgia",13121010221,131843.06,
"Census Tract 102.22, Georgia",13121010222,250162.45,
"Census Tract 102.23, Georgia",13121010223,233256.27,
"Census Tract 103, Georgia",13233010300,63351.77,
"Census Tract 103, Georgia",13157010300,58806.98,
"Census Tract 103.01, Georgia",13211010301,76644.6,
"Census Tract 103.01, Georgia",13143010301,74255.58,
"Census Tract 103.02, Georgia",13211010302,105149.37,
"Census Tract 103.03, Georgia",13143010303,56431.24,
"Census Tract 103.04, Georgia",13143010304,103734.23,
"Census Tract 103.05, Georgia",13121010305,99507.38,
"Census Tract 103.06, Georgia",13121010306,122867.59,
"Census Tract 103.07, Georgia",13121010307,118812.49,
"Census Tract 103.08, Georgia",13121010308,110064.13,
"Census Tract 103.09, Georgia",13121010309,116516.93,
"Census Tract 103.10, Georgia",13121010310,94745.42,
"Census Tract 103.11, Georgia",13121010311,113631.06,
"Census Tract 103.12, Georgia",13121010312,132353.06,
"Census Tract 103.13, Georgia",13121010313,100018.52,
"Census Tract 103.14, Georgia",13121010314,103220.66,
"Census Tract 103.15, Georgia",13121010315,83047.23,
"Census Tract 104, Georgia",13211010400,90524.31,
"Census Tract 104, Georgia",13233010400,53904.18,
"Census Tract 104, Georgia",13157010400,63488.11,
"Census Tract 104.01, Georgia",13143010401,57487.34,
"Census Tract 104.01, Georgia",13121010401,62465.38,
"Census Tract 104.02, Georgia",13143010402,76880.54,
"Census Tract 104.02, Georgia",13121010402,104274.85,
"Census Tract 105, Georgia",13211010500,96087.57,
"Census Tract 105, Georgia",13233010500,55275.64,
"Census Tract 105, Georgia",13157010500,71084.72,
"Census Tract 105.01, Georgia",13159010501,65238.42,
"Census Tract 105.02, Georgia",13159010502,48671.09,
"Census Tract 105.03, Georgia",13159010503,71070.91,
"Census Tract 105.08, Georgia",13121010508,72811.63,
"Census Tract 105.17, Georgia",13121010517,92245.66,
"Census Tract 105.18, Georgia",13121010518,64037,
"Census Tract 105.19, Georgia",13121010519,70229.93,
"Census Tract 105.20, Georgia",13121010520,86921.85,
"Census Tract 105.21, Georgia",13121010521,48263.91,
"Census Tract 105.22, Georgia",13121010522,70515.68,
"Census Tract 105.23, Georgia",13121010523,52308.57,
"Census Tract 105.24, Georgia",13121010524,52384.31,
"Census Tract 105.25, Georgia",13121010525,49428.07,
"Census Tract 105.26, Georgia",13121010526,80991.19,
"Census Tract 105.27, Georgia",13121010527,57669.95,
"Census Tract 105.28, Georgia",13121010528,48083.36,
"Census Tract 105.29, Georgia",13121010529,71296.59,
"Census Tract 105.30, Georgia",13121010530,72360.63,
"Census Tract 105.31, Georgia",13121010531,72520.24,
"Census Tract 105.32, Georgia",13121010532,51500.46,
"Census Tract 105.33, Georgia",13121010533,56268.57,
"Census Tract 105.34, Georgia",13121010534,60001.74,
"Census Tract 105.35, Georgia",13121010535,77971.43,
"Census Tract 105.36, Georgia",13121010536,76524.93,
"Census Tract 105.37, Georgia",13121010537,76922.34,
"Census Tract 105.38, Georgia",13121010538,94524.64,
"Census Tract 105.39, Georgia",13121010539,64859.06,
"Census Tract 105.40, Georgia",13121010540,91526.79,
"Census Tract 106, Georgia",13233010600,62723.84,
"Census Tract 106.01, Georgia",13121010601,66867.53,
"Census Tract 106.01, Georgia",13157010601,76913.71,
"Census Tract 106.02, Georgia",13157010602,86229.34,
"Census Tract 106.03, Georgia",13121010603,67790.73,
"Census Tract 106.04, Georgia",13121010604,48324.39,
"Census Tract 107, Georgia",13233010700,55202.82,
"Census Tract 107.01, Georgia",13157010701,67270.7,
"Census Tract 107.03, Georgia",13157010703,85497.72,
"Census Tract 107.04, Georgia",13157010704,108140.12,
"Census Tract 107.05, Georgia",13157010705,86869.99,
"Census Tract 107.06, Georgia",13157010706,96513.14,
"Census Tract 108.01, Georgia",13121010801,62640.31,
"Census Tract 108.02, Georgia",13121010802,76538.24,
"Census Tract 11.01, Georgia",13121001101,140382.1,
"Census Tract 11.02, Georgia",13121001102,164863.31,
"Census Tract 110, Georgia",13121011000,44901.54,
"Census Tract 1101.01, Georgia",13297110101,116697.57,
"Census Tract 1101.02, Georgia",13297110102,88500.98,
"Census Tract 1102, Georgia",13297110200,79869.54,
"Census Tract 1103.01, Georgia",13297110301,47990.16,
"Census Tract 1103.02, Georgia",13297110302,53901.64,
"Census Tract 1104, Georgia",13297110400,53384.9,
"Census Tract 1105.03, Georgia",13297110503,95708.99,
"Census Tract 1105.04, Georgia",13297110504,88798.26,
"Census Tract 1105.05, Georgia",13297110505,105032.33,
"Census Tract 1105.06, Georgia",13297110506,98906.87,
"Census Tract 1105.08, Georgia",13297110508,95631.44,
"Census Tract 1105.09, Georgia",13297110509,106069.99,
"Census Tract 1105.10, Georgia",13297110510,108376.15,
"Census Tract 1106.01, Georgia",13297110601,94364.55,
"Census Tract 1106.02, Georgia",13297110602,106660.73,
"Census Tract 1106.03, Georgia",13297110603,81595.7,
"Census Tract 1107.01, Georgia",13297110701,94657.54,
"Census Tract 1107.02, Georgia",13297110702,54843.23,
"Census Tract 1108.01, Georgia",13297110801,89826.05,
"Census Tract 1108.02, Georgia",13297110802,75638.09,
"Census Tract 111, Georgia",13121011100,79994.85,
"Census Tract 112.02, Georgia",13121011202,57467.7,
"Census Tract 112.03, Georgia",13121011203,54351.06,
"Census Tract 112.04, Georgia",13121011204,48223.46,
"Census Tract 113.01, Georgia",13121011301,79102.08,
"Census Tract 113.06, Georgia",13121011306,50496.18,
"Census Tract 113.07, Georgia",13121011307,51915.66,
"Census Tract 113.08, Georgia",13121011308,46550.99,
"Census Tract 113.09, Georgia",13121011309,72579.61,
"Census Tract 113.10, Georgia",13121011310,53810.92,
"Census Tract 114.16, Georgia",13121011416,145066.42,
"Census Tract 114.17, Georgia",13121011417,114722.55,
"Census Tract 114.19, Georgia",13121011419,164941.23,
"Census Tract 114.21, Georgia",13121011421,85509.84,
"Census Tract 114.22, Georgia",13121011422,122285.97,
"Census Tract 114.23, Georgia",13121011423,158809.92,
"Census Tract 114.24, Georgia",13121011424,142742.79,
"Census Tract 114.26, Georgia",13121011426,161591.44,
"Census Tract 114.28, Georgia",13121011428,205324.11,
"Census Tract 114.29, Georgia",13121011429,137212.61,
"Census Tract 114.30, Georgia",13121011430,62855.16,
"Census Tract 114.31, Georgia",13121011431,92568.95,
"Census Tract 114.32, Georgia",13121011432,81698.4,
"Census Tract 114.33, Georgia",13121011433,172701.84,
"Census Tract 114.34, Georgia",13121011434,97030.17,
"Census Tract 114.35, Georgia",13121011435,106240.36,
"Census Tract 114.36, Georgia",13121011436,155335.47,
"Census Tract 114.37, Georgia",13121011437,123834.93,
"Census Tract 114.38, Georgia",13121011438,125814.67,
"Census Tract 114.39, Georgia",13121011439,163673.31,
"Census Tract 114.40, Georgia",13121011440,175398.43,
"Census Tract 114.41, Georgia",13121011441,127166.22,
"Census Tract 114.42, Georgia",13121011442,144775.36,
"Census Tract 114.43, Georgia",13121011443,177332.14,
"Census Tract 114.44, Georgia",13121011444,213983.84,
"Census Tract 114.45, Georgia",13121011445,183077.88,
"Census Tract 114.46, Georgia",13121011446,200929.26,
"Census Tract 115.05, Georgia",13121011505,190270.89,
"Census Tract 115.07, Georgia",13121011507,227196.02,
"Census Tract 115.08, Georgia",13121011508,243105.19,
"Census Tract 115.09, Georgia",13121011509,223082.68,
"Census Tract 115.10, Georgia",13121011510,197304.29,
"Census Tract 115.11, Georgia",13121011511,198184.6,
"Census Tract 115.12, Georgia",13121011512,202910.69,
"Census Tract 115.13, Georgia",13121011513,196261.29,
"Census Tract 115.14, Georgia",13121011514,216175.63,
"Census Tract 115.15, Georgia",13121011515,231715.66,
"Census Tract 116.12, Georgia",13121011612,203632.16,
"Census Tract 116.18, Georgia",13121011618,157268.01,
"Census Tract 116.24, Georgia",13121011624,216344.92,
"Census Tract 116.27, Georgia",13121011627,138296.61,
"Census Tract 116.28, Georgia",13121011628,111175.42,
"Census Tract 116.29, Georgia",13121011629,184724.77,
"Census Tract 116.30, Georgia",13121011630,159258.35,
"Census Tract 116.31, Georgia",13121011631,125712.38,
"Census Tract 116.32, Georgia",13121011632,135045.06,
"Census Tract 116.33, Georgia",13121011633,145976.24,
"Census Tract 116.34, Georgia",13121011634,111788.63,
"Census Tract 116.35, Georgia",13121011635,164933.48,
"Census Tract 116.36, Georgia",13121011636,73911.42,
"Census Tract 116.37, Georgia",13121011637,221296.46,
"Census Tract 116.38, Georgia",13121011638,141711.34,
"Census Tract 116.39, Georgia",13121011639,127714.48,
"Census Tract 116.40, Georgia",13121011640,137481.01,
"Census Tract 116.41, Georgia",13121011641,225172.79,
"Census Tract 116.42, Georgia",13121011642,103082.04,
"Census Tract 116.43, Georgia",13121011643,64475.9,
"Census Tract 116.44, Georgia",13121011644,111768.36,
"Census Tract 116.45, Georgia",13121011645,114561.6,
"Census Tract 116.46, Georgia",13121011646,124656.13,
"Census Tract 116.47, Georgia",13121011647,115509.2,
"Census Tract 116.48, Georgia",13121011648,169712.42,
"Census Tract 116.49, Georgia",13121011649,176389.07,
"Census Tract 116.50, Georgia",13121011650,153421.6,
"Census Tract 116.51, Georgia",13121011651,159184.21,
"Census Tract 116.52, Georgia",13121011652,137786.19,
"Census Tract 116.53, Georgia",13121011653,243434.7,
"Census Tract 116.54, Georgia",13121011654,144059.1,
"Census Tract 116.55, Georgia",13121011655,181464.48,
"Census Tract 116.56, Georgia",13121011656,191002.55,
"Census Tract 116.57, Georgia",13121011657,176166.2,
"Census Tract 116.58, Georgia",13121011658,140014.94,
"Census Tract 116.59, Georgia",13121011659,156104.45,
"Census Tract 116.60, Georgia",13121011660,128634.12,
"Census Tract 116.61, Georgia",13121011661,215387.81,
"Census Tract 118.01, Georgia",13121011801,55780.99,
"Census Tract 118.02, Georgia",13121011802,42424.8,
"Census Tract 119.01, Georgia",13121011901,60077.79,
"Census Tract 119.02, Georgia",13121011902,66956.18,
"Census Tract 12, Georgia",13059001200,105671.12,
"Census Tract 12.02, Georgia",13139001202,58136.86,
"Census Tract 12.03, Georgia",13121001203,89334.54,
"Census Tract 12.04, Georgia",13121001204,146423.2,
"Census Tract 12.04, Georgia",13139001204,71906.76,
"Census Tract 12.05, Georgia",13121001205,108625.24,
"Census Tract 12.06, Georgia",13121001206,148984.45,
"Census Tract 120, Georgia",13121012000,37698.57,
"Census Tract 1201.04, Georgia",13223120104,100985.29,
"Census Tract 1201.05, Georgia",13223120105,162676.11,
"Census Tract 1201.06, Georgia",13223120106,81193.89,
"Census Tract 1201.07, Georgia",13223120107,124146.02,
"Census Tract 1201.08, Georgia",13223120108,109307.01,
"Census Tract 1201.09, Georgia",13223120109,102006.33,
"Census Tract 1201.10, Georgia",13223120110,139420.75,
"Census Tract 1201.11, Georgia",13223120111,111483.87,
"Census Tract 1202.03, Georgia",13223120203,98335.47,
"Census Tract 1202.05, Georgia",13223120205,124940.67,
"Census Tract 1202.06, Georgia",13223120206,108194.99,
"Census Tract 1202.07, Georgia",13223120207,101135.05,
"Census Tract 1202.08, Georgia",13223120208,90403.73,
"Census Tract 1203.01, Georgia",13223120301,71213.6,
"Census Tract 1203.03, Georgia",13223120303,78262.11,
"Census Tract 1203.04, Georgia",13223120304,72629.63,
"Census Tract 1203.05, Georgia",13223120305,72747.69,
"Census Tract 1203.06, Georgia",13223120306,65106.33,
"Census Tract 1203.07, Georgia",13223120307,60356.9,
"Census Tract 1204.01, Georgia",13223120401,68075.35,
"Census Tract 1204.02, Georgia",13223120402,84741.28,
"Census Tract 1204.03, Georgia",13223120403,71993.07,
"Census Tract 1205.03, Georgia",13223120503,97942.98,
"Census Tract 1205.04, Georgia",13223120504,82684.43,
"Census Tract 1205.05, Georgia",13223120505,95568.64,
"Census Tract 1205.06, Georgia",13223120506,81682.14,
"Census Tract 1205.07, Georgia",13223120507,80160.05,
"Census Tract 1206.01, Georgia",13223120601,89066.6,
"Census Tract 1206.03, Georgia",13223120603,98016.27,
"Census Tract 1206.04, Georgia",13223120604,96564.97,
"Census Tract 1206.05, Georgia",13223120605,90985.93,
"Census Tract 1206.06, Georgia",13223120606,100851.9,
"Census Tract 1206.07, Georgia",13223120607,98522.24,
"Census Tract 123, Georgia",13121012300,104783.04,
"Census Tract 13.01, Georgia",13121001301,93793.26,
"Census Tract 13.02, Georgia",13139001302,79527.8,
"Census Tract 13.02, Georgia",13121001302,126265.55,
"Census Tract 13.03, Georgia",13139001303,85892.86,
"Census Tract 13.04, Georgia",13139001304,87348.16,
"Census Tract 1303, Georgia",13059130300,64224.06,
"Census Tract 1303.02, Georgia",13117130302,155249.79,
"Census Tract 1303.04, Georgia",13117130304,158187.46,
"Census Tract 1303.06, Georgia",13117130306,172452.04,
"Census Tract 1303.07, Georgia",13117130307,140061.17,
"Census Tract 1304, Georgia",13059130400,82508.33,
"Census Tract 1304.06, Georgia",13117130406,104735.77,
"Census Tract 1304.10, Georgia",13117130410,108033.25,
"Census Tract 1304.13, Georgia",13117130413,77187.66,
"Census Tract 1304.14, Georgia",13117130414,144969.1,
"Census Tract 1305, Georgia",13059130500,96183.35,
"Census Tract 1305.03, Georgia",13117130503,148352.08,
"Census Tract 1305.04, Georgia",13117130504,116073.32,
"Census Tract 1305.05, Georgia",13117130505,128354.12,
"Census Tract 1305.07, Georgia",13117130507,122416.77,
"Census Tract 1305.08, Georgia",13117130508,157952.31,
"Census Tract 1305.09, Georgia",13117130509,118690.18,
"Census Tract 1305.11, Georgia",13117130511,168279.39,
"Census Tract 1305.12, Georgia",13117130512,153436.11,
"Census Tract 1306.01, Georgia",13059130601,66973.77,
"Census Tract 1306.01, Georgia",13117130601,113673.85,
"Census Tract 1306.02, Georgia",13059130602,89008.73,
"Census Tract 1306.02, Georgia",13117130602,123150.94,
"Census Tract 1306.03, Georgia",13117130603,151199.81,
"Census Tract 1306.04, Georgia",13117130604,177617.08,
"Census Tract 1306.05, Georgia",13117130605,150153.27,
"Census Tract 1306.06, Georgia",13117130606,143465.48,
"Census Tract 1306.07, Georgia",13117130607,163849.48,
"Census Tract 1306.08, Georgia",13117130608,163716.61,
"Census Tract 1306.09, Georgia",13117130609,154784.27,
"Census Tract 1306.10, Georgia",13117130610,182395.99,
"Census Tract 1306.11, Georgia",13117130611,181491.73,
"Census Tract 1306.13, Georgia",13117130613,154933.37,
"Census Tract 1306.14, Georgia",13117130614,132362.59,
"Census Tract 1306.15, Georgia",13117130615,209694.69,
"Census Tract 1307.01, Georgia",13059130701,83188.77,
"Census Tract 1307.02, Georgia",13059130702,74639.44,
"Census Tract 14, Georgia",13115001400,100673.49,
"Census Tract 14, Georgia",13121001400,117211.22,
"Census Tract 14.04, Georgia",13139001404,73807.02,
"Census Tract 1401.02, Georgia",13113140102,87904.33,
"Census Tract 1401.03, Georgia",13113140103,82336.83,
"Census Tract 1401.04, Georgia",13113140104,96259.87,
"Census Tract 1402.03, Georgia",13113140203,125872.38,
"Census Tract 1402.04, Georgia",13113140204,102355.93,
"Census Tract 1402.06, Georgia",13113140206,157257.88,
"Census Tract 1402.07, Georgia",13113140207,137713.54,
"Census Tract 1402.09, Georgia",13113140209,104505.61,
"Census Tract 1402.10, Georgia",13113140210,117673.7,
"Census Tract 1403, Georgia",13059140300,52648.74,
"Census Tract 1403.03, Georgia",13113140303,124542.58,
"Census Tract 1403.04, Georgia",13113140304,106436.19,
"Census Tract 1403.05, Georgia",13113140305,124943.06,
"Census Tract 1403.07, Georgia",13113140307,200509.24,
"Census Tract 1403.08, Georgia",13113140308,127218.38,
"Census Tract 1403.09, Georgia",13113140309,95706.4,
"Census Tract 1404, Georgia",13059140400,53547.7,
"Census Tract 1404.03, Georgia",13113140403,111854.56,
"Census Tract 1404.04, Georgia",13113140404,92947,
"Census Tract 1404.05, Georgia",13113140405,110605,
"Census Tract 1404.06, Georgia",13113140406,62552.46,
"Census Tract 1404.08, Georgia",13113140408,110441.63,
"Census Tract 1404.09, Georgia",13113140409,106811.56,
"Census Tract 1404.10, Georgia",13113140410,64400.09,
"Census Tract 1405, Georgia",13059140500,35708.9,
"Census Tract 1405.01, Georgia",13113140501,134071.69,
"Census Tract 1405.02, Georgia",13113140502,106315.25,
"Census Tract 1406, Georgia",13059140600,70130.93,
"Census Tract 15.01, Georgia",13139001501,96122.93,
"Census Tract 15.01, Georgia",13121001501,105741.15,
"Census Tract 15.02, Georgia",13139001502,114599.84,
"Census Tract 15.02, Georgia",13121001502,137257.63,
"Census Tract 1501.01, Georgia",13035150101,75992.78,
"Census Tract 1501.02, Georgia",13035150102,72326.7,
"Census Tract 1502.01, Georgia",13035150201,60638.17,
"Census Tract 1502.02, Georgia",13035150202,57039.49,
"Census Tract 1503, Georgia",13059150300,85963.37,
"Census Tract 1503, Georgia",13035150300,69274.7,
"Census Tract 1504, Georgia",13059150400,44378.58,
"Census Tract 1505, Georgia",13059150500,46132.66,
"Census Tract 1506, Georgia",13059150600,54287.73,
"Census Tract 1507.01, Georgia",13059150701,59007.26,
"Census Tract 1507.02, Georgia",13059150702,86188.12,
"Census Tract 1508, Georgia",13059150800,83243.45,
"Census Tract 1509, Georgia",13059150900,91415.13,
"Census Tract 16, Georgia",13121001600,133668.63,
"Census Tract 16.03, Georgia",13139001603,98611.26,
"Census Tract 16.05, Georgia",13139001605,122984.7,
"Census Tract 16.06, Georgia",13139001606,66731.99,
"Census Tract 16.07, Georgia",13139001607,99020.96,
"Census Tract 16.09, Georgia",13139001609,112069.59,
"Census Tract 16.10, Georgia",13139001610,102417.24,
"Census Tract 16.11, Georgia",13139001611,119633.44,
"Census Tract 16.12, Georgia",13139001612,102686.56,
"Census Tract 1601.01, Georgia",13255160101,53786.72,
"Census Tract 1601.02, Georgia",13255160102,54035.47,
"Census Tract 1602.01, Georgia",13255160201,69349.32,
"Census Tract 1602.02, Georgia",13255160202,82074.54,
"Census Tract 1603, Georgia",13255160300,41567.18,
"Census Tract 1605, Georgia",13255160500,63804.95,
"Census Tract 1606, Georgia",13255160600,74823.4,
"Census Tract 17, Georgia",13059001700,81876.06,
"Census Tract 17.01, Georgia",13121001701,121667.21,
"Census Tract 17.02, Georgia",13121001702,134796.44,
"Census Tract 17.03, Georgia",13115001703,68712.19,
"Census Tract 17.04, Georgia",13115001704,71212.37,
"Census Tract 17.05, Georgia",13115001705,61277.82,
"Census Tract 17.06, Georgia",13115001706,76491.62,
"Census Tract 1701.01, Georgia",13077170101,98840.8,
"Census Tract 1701.02, Georgia",13077170102,79674.14,
"Census Tract 1702, Georgia",13077170200,74471.81,
"Census Tract 1703.03, Georgia",13077170303,140172.99,
"Census Tract 1703.04, Georgia",13077170304,107533.96,
"Census Tract 1703.07, Georgia",13077170307,62949.93,
"Census Tract 1703.08, Georgia",13077170308,68196.64,
"Census Tract 1703.09, Georgia",13077170309,96352.59,
"Census Tract 1703.10, Georgia",13077170310,111936.61,
"Census Tract 1704.03, Georgia",13077170403,138182.08,
"Census Tract 1704.04, Georgia",13077170404,127484.59,
"Census Tract 1704.05, Georgia",13077170405,106079.55,
"Census Tract 1704.06, Georgia",13077170406,149000.08,
"Census Tract 1704.07, Georgia",13077170407,51655.05,
"Census Tract 1704.08, Georgia",13077170408,127354.46,
"Census Tract 1705.01, Georgia",13077170501,95117.88,
"Census Tract 1705.02, Georgia",13077170502,101753.77,
"Census Tract 1705.03, Georgia",13077170503,107775.8,
"Census Tract 1706.03, Georgia",13077170603,107540.2,
"Census Tract 1706.04, Georgia",13077170604,62068.97,
"Census Tract 1706.05, Georgia",13077170605,73518.09,
"Census Tract 1706.06, Georgia",13077170606,111884.33,
"Census Tract 1706.07, Georgia",13077170607,133869.05,
"Census Tract 1707.01, Georgia",13077170701,81205.72,
"Census Tract 1707.02, Georgia",13077170702,88321.22,
"Census Tract 1708.01, Georgia",13077170801,85558.9,
"Census Tract 1708.02, Georgia",13077170802,99631.43,
"Census Tract 18, Georgia",13115001800,65934.35,
"Census Tract 18, Georgia",13059001800,83120.9,
"Census Tract 18.01, Georgia",13121001801,69876.49,
"Census Tract 18.02, Georgia",13121001802,85399.76,
"Census Tract 1801.03, Georgia",13013180103,115681.43,
"Census Tract 1801.04, Georgia",13013180104,78876.25,
"Census Tract 1801.05, Georgia",13013180105,91913.75,
"Census Tract 1801.06, Georgia",13013180106,63460.91,
"Census Tract 1801.07, Georgia",13013180107,73057.14,
"Census Tract 1801.08, Georgia",13013180108,76238.97,
"Census Tract 1802.03, Georgia",13013180203,47717.7,
"Census Tract 1802.04, Georgia",13013180204,65230.74,
"Census Tract 1802.05, Georgia",13013180205,63222.72,
"Census Tract 1802.06, Georgia",13013180206,75838.94,
"Census Tract 1803.01, Georgia",13013180301,70863.52,
"Census Tract 1803.02, Georgia",13013180302,72911.69,
"Census Tract 1803.03, Georgia",13013180303,94461.74,
"Census Tract 1804.01, Georgia",13013180401,102839.93,
"Census Tract 1804.02, Georgia",13013180402,70545.85,
"Census Tract 1805.01, Georgia",13013180501,85775.82,
"Census Tract 1805.02, Georgia",13013180502,81422.65,
"Census Tract 1805.03, Georgia",13013180503,71832.17,
"Census Tract 19, Georgia",13059001900,79484.98,
"Census Tract 19.01, Georgia",13121001901,23554.15,
"Census Tract 19.02, Georgia",13121001902,98487.01,
"Census Tract 2, Alabama",01111000200,65176.37,
"Census Tract 2.01, Georgia",13121000201,188518.98,
"Census Tract 2.02, Georgia",13121000202,248725.1,
"Census Tract 20, Georgia",13115002000,73483.07,
"Census Tract 20, Georgia",13059002000,95114.64,
"Census Tract 201, Georgia",13195020100,64674.28,
"Census Tract 201, Georgia",13089020100,216803.41,
"Census Tract 202, Georgia",13195020200,67947.16,
"Census Tract 202, Georgia",13089020200,158993.41,
"Census Tract 203, Georgia",13195020300,67201.97,
"Census Tract 203, Georgia",13089020300,211000.41,
"Census Tract 204, Georgia",13195020400,78386.31,
"Census Tract 204, Georgia",13089020400,193021.33,
"Census Tract 205, Georgia",13089020500,112228.01,
"Census Tract 205.01, Georgia",13195020501,62062.74,
"Census Tract 205.02, Georgia",13195020502,68236.29,
"Census Tract 206, Georgia",13195020600,71778.15,
"Census Tract 206, Georgia",13089020600,116778.32,
"Census Tract 207, Georgia",13089020700,109513.7,
"Census Tract 208.01, Georgia",13089020801,147832.87,
"Census Tract 208.02, Georgia",13089020802,142107.51,
"Census Tract 209.01, Georgia",13089020901,118412.86,
"Census Tract 209.02, Georgia",13089020902,112152.82,
"Census Tract 21, Georgia",13115002100,48417.27,
"Census Tract 21, Georgia",13059002100,70232.79,
"Census Tract 21, Georgia",13121002100,113212.86,
"Census Tract 211.01, Georgia",13089021101,260660.7,
"Census Tract 211.03, Georgia",13089021103,155225.54,
"Census Tract 211.04, Georgia",13089021104,131586.05,
"Census Tract 212.04, Georgia",13089021204,45101.43,
"Census Tract 212.08, Georgia",13089021208,102850.46,
"Census Tract 212.10, Georgia",13089021210,232185.01,
"Census Tract 212.11, Georgia",13089021211,151643.93,
"Census Tract 212.13, Georgia",13089021213,239560.45,
"Census Tract 212.17, Georgia",13089021217,149578.05,
"Census Tract 212.19, Georgia",13089021219,197610.5,
"Census Tract 212.20, Georgia",13089021220,169619.96,
"Census Tract 212.21, Georgia",13089021221,132991.18,
"Census Tract 212.22, Georgia",13089021222,117062.67,
"Census Tract 212.23, Georgia",13089021223,135056.04,
"Census Tract 212.24, Georgia",13089021224,72125.7,
"Census Tract 212.25, Georgia",13089021225,90941.88,
"Census Tract 212.26, Georgia",13089021226,111659.13,
"Census Tract 212.27, Georgia",13089021227,132318.74,
"Census Tract 212.28, Georgia",13089021228,284163.52,
"Census Tract 212.29, Georgia",13089021229,222196.79,
"Census Tract 212.30, Georgia",13089021230,137682.25,
"Census Tract 213.01, Georgia",13089021301,74563.53,
"Census Tract 213.05, Georgia",13089021305,87846.02,
"Census Tract 213.06, Georgia",13089021306,62479.79,
"Census Tract 213.07, Georgia",13089021307,78405.05,
"Census Tract 213.08, Georgia",13089021308,88766.74,
"Census Tract 213.09, Georgia",13089021309,56785.99,
"Census Tract 213.10, Georgia",13089021310,57922.7,
"Census Tract 214.05, Georgia",13089021405,172708.92,
"Census Tract 214.09, Georgia",13089021409,84300.26,
"Census Tract 214.10, Georgia",13089021410,87648.54,
"Census Tract 214.11, Georgia",13089021411,164440.6,
"Census Tract 214.12, Georgia",13089021412,182406.89,
"Census Tract 214.15, Georgia",13089021415,169472.1,
"Census Tract 214.16, Georgia",13089021416,161421.56,
"Census Tract 214.17, Georgia",13089021417,82012.6,
"Census Tract 214.18, Georgia",13089021418,67225.63,
"Census Tract 214.19, Georgia",13089021419,102430.06,
"Census Tract 214.20, Georgia",13089021420,76628.5,
"Census Tract 214.21, Georgia",13089021421,101973.86,
"Census Tract 215.02, Georgia",13089021502,116881.69,
"Census Tract 215.03, Georgia",13089021503,106557.08,
"Census Tract 215.05, Georgia",13089021505,132440.09,
"Census Tract 215.06, Georgia",13089021506,126483.36,
"Census Tract 216.02, Georgia",13089021602,140542.97,
"Census Tract 216.04, Georgia",13089021604,221390.66,
"Census Tract 216.06, Georgia",13089021606,101993.77,
"Census Tract 216.07, Georgia",13089021607,95668.35,
"Census Tract 216.08, Georgia",13089021608,86625.01,
"Census Tract 216.09, Georgia",13089021609,182301.28,
"Census Tract 217.03, Georgia",13089021703,208505.91,
"Census Tract 217.07, Georgia",13089021707,154999.3,
"Census Tract 217.08, Georgia",13089021708,97317.58,
"Census Tract 217.09, Georgia",13089021709,101748.35,
"Census Tract 217.10, Georgia",13089021710,169608.76,
"Census Tract 217.11, Georgia",13089021711,101005.54,
"Census Tract 217.12, Georgia",13089021712,69083,
"Census Tract 218.08, Georgia",13089021808,120404.82,
"Census Tract 218.12, Georgia",13089021812,113367.18,
"Census Tract 218.13, Georgia",13089021813,47847.84,
"Census Tract 218.15, Georgia",13089021815,47950.09,
"Census Tract 218.16, Georgia",13089021816,103397.51,
"Census Tract 218.17, Georgia",13089021817,126704.34,
"Census Tract 218.18, Georgia",13089021818,90641.43,
"Census Tract 218.19, Georgia",13089021819,123404.06,
"Census Tract 218.20, Georgia",13089021820,66082.12,
"Census Tract 218.21, Georgia",13089021821,130538.41,
"Census Tract 218.22, Georgia",13089021822,112838.93,
"Census Tract 218.23, Georgia",13089021823,101156.03,
"Census Tract 218.24, Georgia",13089021824,71374.86,
"Census Tract 219.06, Georgia",13089021906,60453.69,
"Census Tract 219.08, Georgia",13089021908,47543.45,
"Census Tract 219.10, Georgia",13089021910,64719.57,
"Census Tract 219.11, Georgia",13089021911,40667.66,
"Census Tract 219.12, Georgia",13089021912,195299.72,
"Census Tract 219.13, Georgia",13089021913,43343.5,
"Census Tract 219.14, Georgia",13089021914,52844.96,
"Census Tract 219.15, Georgia",13089021915,102814.49,
"Census Tract 219.16, Georgia",13089021916,58949.58,
"Census Tract 219.17, Georgia",13089021917,53347.83,
"Census Tract 22, Georgia",13059002200,85255.9,
"Census Tract 220.01, Georgia",13089022001,83307.46,
"Census Tract 220.05, Georgia",13089022005,56225.31,
"Census Tract 220.07, Georgia",13089022007,52255.35,
"Census Tract 220.10, Georgia",13089022010,82441.81,
"Census Tract 220.11, Georgia",13089022011,55675.84,
"Census Tract 220.12, Georgia",13089022012,54338.88,
"Census Tract 220.13, Georgia",13089022013,47579.56,
"Census Tract 220.14, Georgia",13089022014,45047.96,
"Census Tract 220.15, Georgia",13089022015,92280.45,
"Census Tract 220.16, Georgia",13089022016,72358.33,
"Census Tract 221, Georgia",13089022100,79625.56,
"Census Tract 222.03, Georgia",13089022203,97962.71,
"Census Tract 222.05, Georgia",13089022205,90063.21,
"Census Tract 222.06, Georgia",13089022206,98337.34,
"Census Tract 223.02, Georgia",13089022302,118777.13,
"Census Tract 223.03, Georgia",13089022303,106316.06,
"Census Tract 223.04, Georgia",13089022304,109002.75,
"Census Tract 224.01, Georgia",13089022401,168632.64,
"Census Tract 224.03, Georgia",13089022403,253255.26,
"Census Tract 224.04, Georgia",13089022404,60141.72,
"Census Tract 224.05, Georgia",13089022405,72851.53,
"Census Tract 225.01, Georgia",13089022501,116277.98,
"Census Tract 225.02, Georgia",13089022502,223303.13,
"Census Tract 226.01, Georgia",13089022601,120794.23,
"Census Tract 226.02, Georgia",13089022602,204764.34,
"Census Tract 227, Georgia",13089022700,186562.81,
"Census Tract 228, Georgia",13089022800,190285.39,
"Census Tract 229, Georgia",13089022900,110097.86,
"Census Tract 23, Georgia",13121002300,39802.05,
"Census Tract 230, Georgia",13089023000,130373.95,
"Census Tract 231.01, Georgia",13089023101,78727.44,
"Census Tract 231.02, Georgia",13089023102,83591.99,
"Census Tract 231.07, Georgia",13089023107,73618.81,
"Census Tract 231.08, Georgia",13089023108,49804.94,
"Census Tract 231.11, Georgia",13089023111,82670.03,
"Census Tract 231.12, Georgia",13089023112,43540.09,
"Census Tract 231.13, Georgia",13089023113,88108.59,
"Census Tract 231.14, Georgia",13089023114,60234.2,
"Census Tract 231.15, Georgia",13089023115,0,
"Census Tract 232.09, Georgia",13089023209,81311.65,
"Census Tract 232.11, Georgia",13089023211,91264.84,
"Census Tract 232.12, Georgia",13089023212,69345.03,
"Census Tract 232.13, Georgia",13089023213,77649.13,
"Census Tract 232.14, Georgia",13089023214,54368.9,
"Census Tract 232.15, Georgia",13089023215,50105.9,
"Census Tract 232.16, Georgia",13089023216,66139.33,
"Census Tract 232.17, Georgia",13089023217,85495.39,
"Census Tract 232.18, Georgia",13089023218,39844.11,
"Census Tract 232.19, Georgia",13089023219,66691.72,
"Census Tract 232.20, Georgia",13089023220,72235.97,
"Census Tract 232.21, Georgia",13089023221,69163.65,
"Census Tract 232.22, Georgia",13089023222,46606.05,
"Census Tract 233.11, Georgia",13089023311,93953.55,
"Census Tract 233.13, Georgia",13089023313,74835.88,
"Census Tract 233.15, Georgia",13089023315,93380.99,
"Census Tract 233.17, Georgia",13089023317,42622.45,
"Census Tract 233.18, Georgia",13089023318,101468.74,
"Census Tract 233.19, Georgia",13089023319,61936.47,
"Census Tract 233.20, Georgia",13089023320,53883.04,
"Census Tract 233.21, Georgia",13089023321,67721.36,
"Census Tract 233.22, Georgia",13089023322,93533.06,
"Census Tract 233.23, Georgia",13089023323,109176.42,
"Census Tract 233.24, Georgia",13089023324,93512.9,
"Census Tract 233.25, Georgia",13089023325,96646.29,
"Census Tract 233.26, Georgia",13089023326,78449.99,
"Census Tract 233.27, Georgia",13089023327,61347.15,
"Census Tract 233.28, Georgia",13089023328,58852.95,
"Census Tract 233.29, Georgia",13089023329,76759.49,
"Census Tract 233.30, Georgia",13089023330,100880.48,
"Census Tract 233.31, Georgia",13089023331,50644.03,
"Census Tract 233.32, Georgia",13089023332,66980.44,
"Census Tract 234.10, Georgia",13089023410,53724.43,
"Census Tract 234.11, Georgia",13089023411,76133.42,
"Census Tract 234.13, Georgia",13089023413,87480.07,
"Census Tract 234.22, Georgia",13089023422,70133.4,
"Census Tract 234.24, Georgia",13089023424,81040.47,
"Census Tract 234.25, Georgia",13089023425,83207.12,
"Census Tract 234.26, Georgia",13089023426,88318.28,
"Census Tract 234.27, Georgia",13089023427,86962.13,
"Census Tract 234.29, Georgia",13089023429,59127.06,
"Census Tract 234.30, Georgia",13089023430,46155.22,
"Census Tract 234.31, Georgia",13089023431,52933.25,
"Census Tract 234.32, Georgia",13089023432,68901.93,
"Census Tract 234.33, Georgia",13089023433,83561.48,
"Census Tract 234.34, Georgia",13089023434,82507.91,
"Census Tract 234.35, Georgia",13089023435,63074.71,
"Census Tract 234.36, Georgia",13089023436,69892.66,
"Census Tract 234.37, Georgia",13089023437,89782.96,
"Census Tract 234.38, Georgia",13089023438,64282.99,
"Census Tract 234.39, Georgia",13089023439,52491.92,
"Census Tract 234.40, Georgia",13089023440,74378.95,
"Census Tract 234.41, Georgia",13089023441,78757.45,
"Census Tract 234.42, Georgia",13089023442,94698.28,
"Census Tract 234.43, Georgia",13089023443,82263.41,
"Census Tract 234.44, Georgia",13089023444,108835.69,
"Census Tract 234.45, Georgia",13089023445,66048.87,
"Census Tract 234.46, Georgia",13089023446,42604.07,
"Census Tract 234.47, Georgia",13089023447,72189.88,
"Census Tract 234.48, Georgia",13089023448,92335.32,
"Census Tract 235.01, Georgia",13089023501,53840.8,
"Census Tract 235.04, Georgia",13089023504,58532.92,
"Census Tract 235.05, Georgia",13089023505,74412.94,
"Census Tract 235.06, Georgia",13089023506,67321.01,
"Census Tract 235.07, Georgia",13089023507,57172.48,
"Census Tract 236.01, Georgia",13089023601,89923.48,
"Census Tract 236.02, Georgia",13089023602,81008.7,
"Census Tract 236.03, Georgia",13089023603,51161.18,
"Census Tract 237.01, Georgia",13089023701,89642.4,
"Census Tract 237.02, Georgia",13089023702,57553.55,
"Census Tract 238.01, Georgia",13089023801,118446.29,
"Census Tract 238.02, Georgia",13089023802,82353.19,
"Census Tract 238.03, Georgia",13089023803,91799.54,
"Census Tract 24, Georgia",13121002400,56964.86,
"Census Tract 25, Georgia",13121002500,41987.52,
"Census Tract 26, Georgia",13121002600,50344.47,
"Census Tract 28.01, Georgia",13121002801,73983.04,
"Census Tract 28.02, Georgia",13121002802,47630.28,
"Census Tract 29, Georgia",13121002900,113517.86,
"Census Tract 3, Alabama",01111000300,68665.73,
"Census Tract 30, Georgia",13121003000,175202.28,
"Census Tract 301.01, Georgia",13219030101,120931.25,
"Census Tract 301.01, Georgia",13059030101,24259.05,
"Census Tract 301.02, Georgia",13219030102,110614.98,
"Census Tract 301.02, Georgia",13059030102,41482.86,
"Census Tract 301.03, Georgia",13219030103,107544.1,
"Census Tract 301.04, Georgia",13219030104,126164.54,
"Census Tract 301.04, Georgia",13067030104,73203.41,
"Census Tract 301.07, Georgia",13067030107,107372.73,
"Census Tract 301.08, Georgia",13067030108,113256.27,
"Census Tract 301.09, Georgia",13067030109,85454.72,
"Census Tract 301.10, Georgia",13067030110,100081.91,
"Census Tract 301.11, Georgia",13067030111,102921.46,
"Census Tract 301.12, Georgia",13067030112,59765.29,
"Census Tract 301.13, Georgia",13067030113,78443.14,
"Census Tract 302, Georgia",13059030200,37892.75,
"Census Tract 302.01, Georgia",13219030201,163870.47,
"Census Tract 302.02, Georgia",13219030202,103161.71,
"Census Tract 302.20, Georgia",13067030220,99087.12,
"Census Tract 302.33, Georgia",13067030233,128787.15,
"Census Tract 302.35, Georgia",13067030235,131206.39,
"Census Tract 302.36, Georgia",13067030236,171795.11,
"Census Tract 302.40, Georgia",13067030240,116068.02,
"Census Tract 302.41, Georgia",13067030241,121264.79,
"Census Tract 302.42, Georgia",13067030242,111735.13,
"Census Tract 302.43, Georgia",13067030243,104029.43,
"Census Tract 302.44, Georgia",13067030244,160427.3,
"Census Tract 302.45, Georgia",13067030245,129083.22,
"Census Tract 302.46, Georgia",13067030246,52323.47,
"Census Tract 302.47, Georgia",13067030247,60340.72,
"Census Tract 302.48, Georgia",13067030248,73701.6,
"Census Tract 302.49, Georgia",13067030249,97819.7,
"Census Tract 302.50, Georgia",13067030250,148663.68,
"Census Tract 302.51, Georgia",13067030251,134442.12,
"Census Tract 302.52, Georgia",13067030252,165355.11,
"Census Tract 302.53, Georgia",13067030253,149628.21,
"Census Tract 302.54, Georgia",13067030254,101800.63,
"Census Tract 302.55, Georgia",13067030255,73899.61,
"Census Tract 302.56, Georgia",13067030256,172716.82,
"Census Tract 302.57, Georgia",13067030257,95450.51,
"Census Tract 302.58, Georgia",13067030258,95227.15,
"Census Tract 302.59, Georgia",13067030259,99408.73,
"Census Tract 302.60, Georgia",13067030260,79005.97,
"Census Tract 302.61, Georgia",13067030261,136903.7,
"Census Tract 302.62, Georgia",13067030262,137614.81,
"Census Tract 302.63, Georgia",13067030263,111755.47,
"Census Tract 302.64, Georgia",13067030264,179371.89,
"Census Tract 302.65, Georgia",13067030265,162262.82,
"Census Tract 302.66, Georgia",13067030266,149229.93,
"Census Tract 302.67, Georgia",13067030267,161837.53,
"Census Tract 302.68, Georgia",13067030268,154690.99,
"Census Tract 302.69, Georgia",13067030269,116070,
"Census Tract 302.70, Georgia",13067030270,118379.97,
"Census Tract 302.71, Georgia",13067030271,143896.16,
"Census Tract 302.72, Georgia",13067030272,109228.41,
"Census Tract 302.73, Georgia",13067030273,143285.39,
"Census Tract 302.74, Georgia",13067030274,83195.74,
"Census Tract 302.75, Georgia",13067030275,86577.45,
"Census Tract 302.76, Georgia",13067030276,155943.86,
"Census Tract 302.77, Georgia",13067030277,135528.14,
"Census Tract 302.78, Georgia",13067030278,99582.08,
"Census Tract 303, Georgia",13219030300,127749.86,
"Census Tract 303.19, Georgia",13067030319,151821.41,
"Census Tract 303.22, Georgia",13067030322,124930.68,
"Census Tract 303.24, Georgia",13067030324,125333.6,
"Census Tract 303.26, Georgia",13067030326,169326.76,
"Census Tract 303.27, Georgia",13067030327,131516.77,
"Census Tract 303.29, Georgia",13067030329,127113.86,
"Census Tract 303.31, Georgia",13067030331,158075.98,
"Census Tract 303.32, Georgia",13067030332,138465.83,
"Census Tract 303.34, Georgia",13067030334,148393.48,
"Census Tract 303.35, Georgia",13067030335,177795.22,
"Census Tract 303.37, Georgia",13067030337,202579.17,
"Census Tract 303.40, Georgia",13067030340,176518.72,
"Census Tract 303.41, Georgia",13067030341,141690.92,
"Census Tract 303.42, Georgia",13067030342,167263.09,
"Census Tract 303.43, Georgia",13067030343,164207.59,
"Census Tract 303.44, Georgia",13067030344,60092.9,
"Census Tract 303.45, Georgia",13067030345,98515.25,
"Census Tract 303.46, Georgia",13067030346,88504.11,
"Census Tract 303.47, Georgia",13067030347,102878.49,
"Census Tract 303.48, Georgia",13067030348,104306.28,
"Census Tract 303.49, Georgia",13067030349,99670.1,
"Census Tract 303.50, Georgia",13067030350,96448.33,
"Census Tract 303.51, Georgia",13067030351,191889.55,
"Census Tract 303.52, Georgia",13067030352,194121.67,
"Census Tract 303.53, Georgia",13067030353,118837.86,
"Census Tract 303.54, Georgia",13067030354,172348.4,
"Census Tract 303.55, Georgia",13067030355,80857.03,
"Census Tract 303.56, Georgia",13067030356,106564.19,
"Census Tract 303.57, Georgia",13067030357,168024.23,
"Census Tract 303.58, Georgia",13067030358,129812.43,
"Census Tract 303.59, Georgia",13067030359,157996.92,
"Census Tract 303.60, Georgia",13067030360,174256.66,
"Census Tract 303.61, Georgia",13067030361,104018.99,
"Census Tract 303.62, Georgia",13067030362,111618.42,
"Census Tract 303.63, Georgia",13067030363,99306.78,
"Census Tract 303.64, Georgia",13067030364,104619.74,
"Census Tract 303.65, Georgia",13067030365,162827.91,
"Census Tract 303.66, Georgia",13067030366,188486.73,
"Census Tract 303.67, Georgia",13067030367,177233.05,
"Census Tract 303.68, Georgia",13067030368,148142.52,
"Census Tract 303.69, Georgia",13067030369,204662.23,
"Census Tract 303.70, Georgia",13067030370,203685.3,
"Census Tract 304.01, Georgia",13219030401,103722.25,
"Census Tract 304.02, Georgia",13219030402,100882.14,
"Census Tract 304.05, Georgia",13067030405,66593.38,
"Census Tract 304.07, Georgia",13067030407,118759.04,
"Census Tract 304.08, Georgia",13067030408,114263.02,
"Census Tract 304.09, Georgia",13067030409,155508.61,
"Census Tract 304.10, Georgia",13067030410,91749.65,
"Census Tract 304.11, Georgia",13067030411,60370.02,
"Census Tract 304.12, Georgia",13067030412,53678.09,
"Census Tract 304.13, Georgia",13067030413,61150.99,
"Census Tract 304.14, Georgia",13067030414,52390.84,
"Census Tract 305, Georgia",13219030500,113465.19,
"Census Tract 305.05, Georgia",13067030505,70077.69,
"Census Tract 305.06, Georgia",13067030506,79778.28,
"Census Tract 305.07, Georgia",13067030507,115208.58,
"Census Tract 305.08, Georgia",13067030508,97915.67,
"Census Tract 305.09, Georgia",13067030509,148000.64,
"Census Tract 305.10, Georgia",13067030510,150278.38,
"Census Tract 305.11, Georgia",13067030511,95224.94,
"Census Tract 306, Georgia",13219030600,126567.79,
"Census Tract 306.02, Georgia",13067030602,138742.51,
"Census Tract 306.03, Georgia",13067030603,99659.5,
"Census Tract 306.04, Georgia",13067030604,82816.53,
"Census Tract 307, Georgia",13067030700,81862.87,
"Census Tract 308, Georgia",13067030800,94387.82,
"Census Tract 309.06, Georgia",13067030906,104624.53,
"Census Tract 309.07, Georgia",13067030907,124686.16,
"Census Tract 309.08, Georgia",13067030908,74198.66,
"Census Tract 309.09, Georgia",13067030909,85595.64,
"Census Tract 309.10, Georgia",13067030910,60800.89,
"Census Tract 309.11, Georgia",13067030911,62817.15,
"Census Tract 309.12, Georgia",13067030912,101824.73,
"Census Tract 31, Georgia",13121003100,127118.75,
"Census Tract 310.01, Georgia",13067031001,59409.48,
"Census Tract 310.04, Georgia",13067031004,59598.04,
"Census Tract 310.05, Georgia",13067031005,85525.68,
"Census Tract 310.06, Georgia",13067031006,64954.06,
"Census Tract 310.07, Georgia",13067031007,54578.38,
"Census Tract 311.01, Georgia",13067031101,95624.23,
"Census Tract 311.10, Georgia",13067031110,108588.46,
"Census Tract 311.11, Georgia",13067031111,107488.23,
"Census Tract 311.12, Georgia",13067031112,144909.25,
"Census Tract 311.13, Georgia",13067031113,77828.04,
"Census Tract 311.14, Georgia",13067031114,66558.84,
"Census Tract 311.15, Georgia",13067031115,99671.08,
"Census Tract 311.16, Georgia",13067031116,78305.51,
"Census Tract 311.17, Georgia",13067031117,129689.33,
"Census Tract 311.18, Georgia",13067031118,111020.93,
"Census Tract 311.19, Georgia",13067031119,72956.63,
"Census Tract 311.20, Georgia",13067031120,120580.78,
"Census Tract 311.21, Georgia",13067031121,74807.73,
"Census Tract 311.22, Georgia",13067031122,96450.29,
"Census Tract 312.07, Georgia",13067031207,109542.43,
"Census Tract 312.09, Georgia",13067031209,186278.07,
"Census Tract 312.12, Georgia",13067031212,225529.08,
"Census Tract 312.13, Georgia",13067031213,131294.49,
"Census Tract 312.14, Georgia",13067031214,117804.47,
"Census Tract 312.15, Georgia",13067031215,134819.02,
"Census Tract 312.16, Georgia",13067031216,127861.7,
"Census Tract 312.17, Georgia",13067031217,89187.32,
"Census Tract 312.18, Georgia",13067031218,115348.04,
"Census Tract 312.19, Georgia",13067031219,106375.65,
"Census Tract 312.20, Georgia",13067031220,108841.67,
"Census Tract 312.21, Georgia",13067031221,125271.69,
"Census Tract 313.06, Georgia",13067031306,90298.57,
"Census Tract 313.08, Georgia",13067031308,76070.48,
"Census Tract 313.14, Georgia",13067031314,132887.22,
"Census Tract 313.15, Georgia",13067031315,170591.4,
"Census Tract 313.16, Georgia",13067031316,133943.65,
"Census Tract 313.17, Georgia",13067031317,95932.56,
"Census Tract 313.18, Georgia",13067031318,59223.51,
"Census Tract 313.19, Georgia",13067031319,56185.82,
"Census Tract 313.20, Georgia",13067031320,67605.74,
"Census Tract 313.21, Georgia",13067031321,52034.02,
"Census Tract 313.22, Georgia",13067031322,66044.96,
"Census Tract 313.23, Georgia",13067031323,94750.12,
"Census Tract 313.24, Georgia",13067031324,97330.64,
"Census Tract 313.25, Georgia",13067031325,120133.82,
"Census Tract 314.09, Georgia",13067031409,67099.19,
"Census Tract 314.10, Georgia",13067031410,98947.43,
"Census Tract 314.11, Georgia",13067031411,67339.01,
"Census Tract 314.12, Georgia",13067031412,51538.25,
"Census Tract 314.13, Georgia",13067031413,58285.64,
"Census Tract 314.14, Georgia",13067031414,120730.3,
"Census Tract 314.15, Georgia",13067031415,61975.55,
"Census Tract 314.16, Georgia",13067031416,79693.95,
"Census Tract 314.17, Georgia",13067031417,66055.25,
"Census Tract 315.06, Georgia",13067031506,82436.2,
"Census Tract 315.07, Georgia",13067031507,92429.17,
"Census Tract 315.10, Georgia",13067031510,85822.24,
"Census Tract 315.11, Georgia",13067031511,99847.09,
"Census Tract 315.12, Georgia",13067031512,82827.44,
"Census Tract 315.13, Georgia",13067031513,94194.78,
"Census Tract 315.14, Georgia",13067031514,112237.32,
"Census Tract 315.15, Georgia",13067031515,106949.92,
"Census Tract 315.16, Georgia",13067031516,107338.92,
"Census Tract 315.17, Georgia",13067031517,106104.13,
"Census Tract 315.18, Georgia",13067031518,68634.13,
"Census Tract 32, Georgia",13121003200,142288.19,
"Census Tract 35, Georgia",13121003500,76781.42,
"Census Tract 36, Georgia",13121003600,72282.11,
"Census Tract 37, Georgia",13121003700,25010.7,
"Census Tract 38, Georgia",13121003800,32905.68,
"Census Tract 39, Georgia",13121003900,52781.12,
"Census Tract 4, Georgia",13121000400,169572.47,
"Census Tract 4.01, Georgia",13059000401,36918.67,
"Census Tract 4.02, Georgia",13059000402,19283.39,
"Census Tract 40, Georgia",13121004000,57518.41,
"Census Tract 402.02, Georgia",13063040202,46549.96,
"Census Tract 402.03, Georgia",13063040203,60124.43,
"Census Tract 402.04, Georgia",13063040204,60519.6,
"Census Tract 403.02, Georgia",13063040302,47507.45,
"Census Tract 403.06, Georgia",13063040306,45113.14,
"Census Tract 403.07, Georgia",13063040307,54663.93,
"Census Tract 403.08, Georgia",13063040308,35637.36,
"Census Tract 403.09, Georgia",13063040309,38962.3,
"Census Tract 403.10, Georgia",13063040310,46616.28,
"Census Tract 404.07, Georgia",13063040407,67284.82,
"Census Tract 404.09, Georgia",13063040409,75726.17,
"Census Tract 404.10, Georgia",13063040410,70387.16,
"Census Tract 404.14, Georgia",13063040414,55469.54,
"Census Tract 404.16, Georgia",13063040416,63786.3,
"Census Tract 404.17, Georgia",13063040417,46274.09,
"Census Tract 404.18, Georgia",13063040418,92197.46,
"Census Tract 404.19, Georgia",13063040419,59276.48,
"Census Tract 404.20, Georgia",13063040420,70569.48,
"Census Tract 404.21, Georgia",13063040421,76380.94,
"Census Tract 404.22, Georgia",13063040422,46315.98,
"Census Tract 404.23, Georgia",13063040423,57356.8,
"Census Tract 404.24, Georgia",13063040424,66414.6,
"Census Tract 404.25, Georgia",13063040425,44430.27,
"Census Tract 404.26, Georgia",13063040426,80853.78,
"Census Tract 404.27, Georgia",13063040427,70753.36,
"Census Tract 405.09, Georgia",13063040509,73022.12,
"Census Tract 405.10, Georgia",13063040510,74428.65,
"Census Tract 405.12, Georgia",13063040512,58621.16,
"Census Tract 405.13, Georgia",13063040513,63735.97,
"Census Tract 405.18, Georgia",13063040518,50758.25,
"Census Tract 405.19, Georgia",13063040519,35655.93,
"Census Tract 405.21, Georgia",13063040521,65973.19,
"Census Tract 405.22, Georgia",13063040522,57877.03,
"Census Tract 405.23, Georgia",13063040523,50493.17,
"Census Tract 405.25, Georgia",13063040525,68158.16,
"Census Tract 405.27, Georgia",13063040527,61611.36,
"Census Tract 405.28, Georgia",13063040528,45451.65,
"Census Tract 405.29, Georgia",13063040529,51322.58,
"Census Tract 405.30, Georgia",13063040530,59609.47,
"Census Tract 405.31, Georgia",13063040531,41708.41,
"Census Tract 405.32, Georgia",13063040532,53330.51,
"Census Tract 405.33, Georgia",13063040533,59464.04,
"Census Tract 405.34, Georgia",13063040534,61182.03,
"Census Tract 405.35, Georgia",13063040535,83494.11,
"Census Tract 405.36, Georgia",13063040536,61830.17,
"Census Tract 405.37, Georgia",13063040537,72604.17,
"Census Tract 405.38, Georgia",13063040538,64947.4,
"Census Tract 406.06, Georgia",13063040606,62879.23,
"Census Tract 406.09, Georgia",13063040609,84363.45,
"Census Tract 406.14, Georgia",13063040614,127615.44,
"Census Tract 406.15, Georgia",13063040615,95400.23,
"Census Tract 406.17, Georgia",13063040617,45171.66,
"Census Tract 406.23, Georgia",13063040623,54035.58,
"Census Tract 406.24, Georgia",13063040624,65826.71,
"Census Tract 406.25, Georgia",13063040625,72336.17,
"Census Tract 406.26, Georgia",13063040626,72724.12,
"Census Tract 406.27, Georgia",13063040627,71422.54,
"Census Tract 406.28, Georgia",13063040628,105391.9,
"Census Tract 406.29, Georgia",13063040629,54464.93,
"Census Tract 406.30, Georgia",13063040630,50100.27,
"Census Tract 406.31, Georgia",13063040631,88717.86,
"Census Tract 406.32, Georgia",13063040632,53833.85,
"Census Tract 406.33, Georgia",13063040633,58909.44,
"Census Tract 406.34, Georgia",13063040634,32977.17,
"Census Tract 406.35, Georgia",13063040635,92143.66,
"Census Tract 406.36, Georgia",13063040636,96628.47,
"Census Tract 406.37, Georgia",13063040637,63400.31,
"Census Tract 406.38, Georgia",13063040638,98070.3,
"Census Tract 406.39, Georgia",13063040639,89946.27,
"Census Tract 41, Georgia",13121004100,94157.69,
"Census Tract 42, Georgia",13121004200,44674.62,
"Census Tract 43, Georgia",13121004300,78559.65,
"Census Tract 44, Georgia",13121004400,27660.92,
"Census Tract 48, Georgia",13121004800,29216.96,
"Census Tract 49, Georgia",13121004900,125301.45,
"Census Tract 5.01, Georgia",13121000501,111418.93,
"Census Tract 5.02, Georgia",13121000502,160856.44,
"Census Tract 50, Georgia",13121005000,121904.95,
"Census Tract 501.05, Georgia",13135050105,68752.66,
"Census Tract 501.10, Georgia",13135050110,107163.71,
"Census Tract 501.11, Georgia",13135050111,62226.16,
"Census Tract 501.12, Georgia",13135050112,87896.41,
"Census Tract 501.13, Georgia",13135050113,86188.93,
"Census Tract 501.14, Georgia",13135050114,107215.86,
"Census Tract 501.15, Georgia",13135050115,93931.04,
"Census Tract 501.16, Georgia",13135050116,160325.56,
"Census Tract 501.17, Georgia",13135050117,117412.35,
"Census Tract 501.18, Georgia",13135050118,90851.78,
"Census Tract 501.19, Georgia",13135050119,101044.38,
"Census Tract 501.20, Georgia",13135050120,116077.01,
"Census Tract 501.21, Georgia",13135050121,105812.68,
"Census Tract 502.05, Georgia",13135050205,71869.78,
"Census Tract 502.15, Georgia",13135050215,67128.08,
"Census Tract 502.18, Georgia",13135050218,86298.51,
"Census Tract 502.19, Georgia",13135050219,85148.71,
"Census Tract 502.21, Georgia",13135050221,68451.64,
"Census Tract 502.22, Georgia",13135050222,73160.76,
"Census Tract 502.23, Georgia",13135050223,84805.64,
"Census Tract 502.24, Georgia",13135050224,122495.32,
"Census Tract 502.25, Georgia",13135050225,80592.64,
"Census Tract 502.26, Georgia",13135050226,83283.18,
"Census Tract 502.27, Georgia",13135050227,123969.25,
"Census Tract 502.28, Georgia",13135050228,57679.51,
"Census Tract 502.29, Georgia",13135050229,47771.64,
"Census Tract 502.30, Georgia",13135050230,73931.77,
"Census Tract 502.31, Georgia",13135050231,103282.13,
"Census Tract 502.32, Georgia",13135050232,117299.13,
"Census Tract 502.33, Georgia",13135050233,92927.16,
"Census Tract 502.34, Georgia",13135050234,135385.69,
"Census Tract 502.35, Georgia",13135050235,107614.46,
"Census Tract 502.36, Georgia",13135050236,99518.49,
"Census Tract 502.37, Georgia",13135050237,128264.08,
"Census Tract 502.38, Georgia",13135050238,116723.04,
"Census Tract 502.39, Georgia",13135050239,142187.18,
"Census Tract 502.40, Georgia",13135050240,145952.54,
"Census Tract 502.41, Georgia",13135050241,109827.73,
"Census Tract 502.42, Georgia",13135050242,132299.24,
"Census Tract 502.43, Georgia",13135050243,191419.58,
"Census Tract 502.44, Georgia",13135050244,185565.44,
"Census Tract 503.06, Georgia",13135050306,67491.43,
"Census Tract 503.08, Georgia",13135050308,188290.6,
"Census Tract 503.11, Georgia",13135050311,120498.99,
"Census Tract 503.15, Georgia",13135050315,83192.1,
"Census Tract 503.17, Georgia",13135050317,47481.71,
"Census Tract 503.18, Georgia",13135050318,54112.94,
"Census Tract 503.21, Georgia",13135050321,166912.94,
"Census Tract 503.22, Georgia",13135050322,168099.15,
"Census Tract 503.23, Georgia",13135050323,158239.41,
"Census Tract 503.24, Georgia",13135050324,94747.01,
"Census Tract 503.25, Georgia",13135050325,95147.48,
"Census Tract 503.26, Georgia",13135050326,61806.61,
"Census Tract 503.27, Georgia",13135050327,77690.89,
"Census Tract 503.28, Georgia",13135050328,61935.01,
"Census Tract 503.29, Georgia",13135050329,48363.35,
"Census Tract 503.30, Georgia",13135050330,59453.63,
"Census Tract 503.31, Georgia",13135050331,66114.28,
"Census Tract 503.32, Georgia",13135050332,58706.54,
"Census Tract 503.33, Georgia",13135050333,63265.65,
"Census Tract 503.34, Georgia",13135050334,98548.14,
"Census Tract 503.35, Georgia",13135050335,82608.72,
"Census Tract 503.36, Georgia",13135050336,85451.79,
"Census Tract 504.15, Georgia",13135050415,89716.3,
"Census Tract 504.16, Georgia",13135050416,92140.83,
"Census Tract 504.25, Georgia",13135050425,108385.27,
"Census Tract 504.27, Georgia",13135050427,99935.65,
"Census Tract 504.30, Georgia",13135050430,85868.02,
"Census Tract 504.33, Georgia",13135050433,67249.11,
"Census Tract 504.35, Georgia",13135050435,76300.15,
"Census Tract 504.37, Georgia",13135050437,63161.27,
"Census Tract 504.38, Georgia",13135050438,56193.74,
"Census Tract 504.39, Georgia",13135050439,54600.88,
"Census Tract 504.40, Georgia",13135050440,60980.49,
"Census Tract 504.41, Georgia",13135050441,51692.33,
"Census Tract 504.42, Georgia",13135050442,67267.7,
"Census Tract 504.43, Georgia",13135050443,90165.65,
"Census Tract 504.44, Georgia",13135050444,63624.38,
"Census Tract 504.45, Georgia",13135050445,47243.33,
"Census Tract 504.46, Georgia",13135050446,59415.43,
"Census Tract 504.47, Georgia",13135050447,48340.84,
"Census Tract 504.48, Georgia",13135050448,53813.98,
"Census Tract 504.49, Georgia",13135050449,52107.04,
"Census Tract 504.50, Georgia",13135050450,88958.29,
"Census Tract 504.51, Georgia",13135050451,59968.68,
"Census Tract 504.52, Georgia",13135050452,51847.94,
"Census Tract 504.53, Georgia",13135050453,48395.52,
"Census Tract 504.54, Georgia",13135050454,59043.45,
"Census Tract 504.55, Georgia",13135050455,52972.17,
"Census Tract 504.56, Georgia",13135050456,44996.86,
"Census Tract 504.57, Georgia",13135050457,104663.12,
"Census Tract 504.58, Georgia",13135050458,94007.48,
"Census Tract 504.59, Georgia",13135050459,72385.87,
"Census Tract 504.60, Georgia",13135050460,56753.41,
"Census Tract 504.61, Georgia",13135050461,97220.06,
"Census Tract 504.62, Georgia",13135050462,118008.55,
"Census Tract 504.63, Georgia",13135050463,56602.86,
"Census Tract 504.64, Georgia",13135050464,88920.09,
"Census Tract 504.65, Georgia",13135050465,69799.99,
"Census Tract 504.66, Georgia",13135050466,82723.81,
"Census Tract 505.20, Georgia",13135050520,71036.6,
"Census Tract 505.21, Georgia",13135050521,74406.45,
"Census Tract 505.22, Georgia",13135050522,62423.13,
"Census Tract 505.26, Georgia",13135050526,51945.06,
"Census Tract 505.28, Georgia",13135050528,105706.63,
"Census Tract 505.29, Georgia",13135050529,82235.89,
"Census Tract 505.30, Georgia",13135050530,117588.61,
"Census Tract 505.36, Georgia",13135050536,66604.21,
"Census Tract 505.37, Georgia",13135050537,58557.97,
"Census Tract 505.39, Georgia",13135050539,55151.82,
"Census Tract 505.41, Georgia",13135050541,51323.25,
"Census Tract 505.42, Georgia",13135050542,57120.93,
"Census Tract 505.49, Georgia",13135050549,87234.3,
"Census Tract 505.50, Georgia",13135050550,88513.6,
"Census Tract 505.51, Georgia",13135050551,111197.87,
"Census Tract 505.52, Georgia",13135050552,107965.74,
"Census Tract 505.53, Georgia",13135050553,114902.97,
"Census Tract 505.54, Georgia",13135050554,74077.26,
"Census Tract 505.55, Georgia",13135050555,86117.93,
"Census Tract 505.56, Georgia",13135050556,81412.04,
"Census Tract 505.57, Georgia",13135050557,78615.23,
"Census Tract 505.58, Georgia",13135050558,76863.7,
"Census Tract 505.59, Georgia",13135050559,78046.46,
"Census Tract 505.60, Georgia",13135050560,142032.2,
"Census Tract 505.61, Georgia",13135050561,65445.73,
"Census Tract 505.62, Georgia",13135050562,72228.65,
"Census Tract 505.63, Georgia",13135050563,105036.11,
"Census Tract 505.64, Georgia",13135050564,52858.12,
"Census Tract 505.65, Georgia",13135050565,96624.13,
"Census Tract 505.66, Georgia",13135050566,102499.22,
"Census Tract 505.67, Georgia",13135050567,69509.72,
"Census Tract 505.68, Georgia",13135050568,93108.45,
"Census Tract 505.69, Georgia",13135050569,61082.56,
"Census Tract 505.70, Georgia",13135050570,110332.92,
"Census Tract 505.71, Georgia",13135050571,70912.57,
"Census Tract 505.72, Georgia",13135050572,92073.39,
"Census Tract 505.73, Georgia",13135050573,119350.25,
"Census Tract 505.74, Georgia",13135050574,61647.37,
"Census Tract 505.75, Georgia",13135050575,109262.65,
"Census Tract 505.76, Georgia",13135050576,71880.46,
"Census Tract 505.77, Georgia",13135050577,64973.49,
"Census Tract 505.78, Georgia",13135050578,100180.8,
"Census Tract 505.79, Georgia",13135050579,93552.62,
"Census Tract 505.80, Georgia",13135050580,115265.35,
"Census Tract 505.81, Georgia",13135050581,75721.03,
"Census Tract 505.82, Georgia",13135050582,141914.13,
"Census Tract 505.83, Georgia",13135050583,81823.39,
"Census Tract 505.84, Georgia",13135050584,106842.78,
"Census Tract 505.85, Georgia",13135050585,98197.71,
"Census Tract 505.86, Georgia",13135050586,88830.2,
"Census Tract 505.87, Georgia",13135050587,82012.67,
"Census Tract 505.88, Georgia",13135050588,95792.07,
"Census Tract 505.89, Georgia",13135050589,84464.66,
"Census Tract 505.90, Georgia",13135050590,94031.51,
"Census Tract 505.91, Georgia",13135050591,111366.37,
"Census Tract 506.11, Georgia",13135050611,113407.74,
"Census Tract 506.12, Georgia",13135050612,96952.08,
"Census Tract 506.13, Georgia",13135050613,100759.16,
"Census Tract 506.14, Georgia",13135050614,87215.71,
"Census Tract 506.15, Georgia",13135050615,96794.65,
"Census Tract 506.16, Georgia",13135050616,119877.69,
"Census Tract 506.17, Georgia",13135050617,133373.01,
"Census Tract 506.18, Georgia",13135050618,137844.58,
"Census Tract 506.19, Georgia",13135050619,126647.02,
"Census Tract 506.20, Georgia",13135050620,146636.1,
"Census Tract 506.21, Georgia",13135050621,138073.48,
"Census Tract 506.22, Georgia",13135050622,62135.8,
"Census Tract 506.23, Georgia",13135050623,88252.28,
"Census Tract 506.24, Georgia",13135050624,89733.94,
"Census Tract 506.25, Georgia",13135050625,123784.27,
"Census Tract 506.26, Georgia",13135050626,108360.79,
"Census Tract 506.27, Georgia",13135050627,91978.82,
"Census Tract 506.28, Georgia",13135050628,112025.21,
"Census Tract 506.29, Georgia",13135050629,129770.93,
"Census Tract 506.30, Georgia",13135050630,127371.36,
"Census Tract 506.31, Georgia",13135050631,127591.12,
"Census Tract 506.32, Georgia",13135050632,121276.59,
"Census Tract 506.33, Georgia",13135050633,101941.51,
"Census Tract 506.34, Georgia",13135050634,107337.29,
"Census Tract 506.35, Georgia",13135050635,98911.29,
"Census Tract 506.36, Georgia",13135050636,106995.77,
"Census Tract 507.15, Georgia",13135050715,88874.77,
"Census Tract 507.19, Georgia",13135050719,65906.88,
"Census Tract 507.22, Georgia",13135050722,79556.97,
"Census Tract 507.25, Georgia",13135050725,77314.87,
"Census Tract 507.29, Georgia",13135050729,65414.26,
"Census Tract 507.32, Georgia",13135050732,87071.37,
"Census Tract 507.33, Georgia",13135050733,75354.84,
"Census Tract 507.34, Georgia",13135050734,80228.18,
"Census Tract 507.35, Georgia",13135050735,66775.37,
"Census Tract 507.36, Georgia",13135050736,76597.01,
"Census Tract 507.37, Georgia",13135050737,109173.04,
"Census Tract 507.38, Georgia",13135050738,99335.3,
"Census Tract 507.39, Georgia",13135050739,84657.58,
"Census Tract 507.40, Georgia",13135050740,82359.59,
"Census Tract 507.41, Georgia",13135050741,141385.03,
"Census Tract 507.42, Georgia",13135050742,109077.53,
"Census Tract 507.43, Georgia",13135050743,99359.25,
"Census Tract 507.44, Georgia",13135050744,91607.78,
"Census Tract 507.45, Georgia",13135050745,115738.67,
"Census Tract 507.46, Georgia",13135050746,96073.05,
"Census Tract 507.47, Georgia",13135050747,87220.89,
"Census Tract 507.48, Georgia",13135050748,73100.09,
"Census Tract 507.49, Georgia",13135050749,82714.01,
"Census Tract 507.50, Georgia",13135050750,108066.71,
"Census Tract 507.51, Georgia",13135050751,64974.02,
"Census Tract 507.52, Georgia",13135050752,89347.66,
"Census Tract 507.53, Georgia",13135050753,76218.56,
"Census Tract 507.54, Georgia",13135050754,83946.65,
"Census Tract 507.55, Georgia",13135050755,109833.15,
"Census Tract 507.56, Georgia",13135050756,142394.73,
"Census Tract 507.57, Georgia",13135050757,117505.58,
"Census Tract 507.58, Georgia",13135050758,74559.26,
"Census Tract 507.59, Georgia",13135050759,138169.52,
"Census Tract 507.60, Georgia",13135050760,140243.77,
"Census Tract 507.61, Georgia",13135050761,119041.93,
"Census Tract 507.62, Georgia",13135050762,118128.45,
"Census Tract 507.63, Georgia",13135050763,90145.96,
"Census Tract 507.64, Georgia",13135050764,94775.33,
"Census Tract 507.65, Georgia",13135050765,123578.34,
"Census Tract 52, Georgia",13121005200,149545.24,
"Census Tract 53, Georgia",13121005300,142970.65,
"Census Tract 55.01, Georgia",13121005501,72978.51,
"Census Tract 55.03, Georgia",13121005503,38026.7,
"Census Tract 55.04, Georgia",13121005504,59339.23,
"Census Tract 57, Georgia",13121005700,49484.47,
"Census Tract 58, Georgia",13121005800,74016.04,
"Census Tract 6, Georgia",13059000600,60031.45,
"Census Tract 6.01, Georgia",13121000601,100992.29,
"Census Tract 6.02, Georgia",13121000602,79043.06,
"Census Tract 60, Georgia",13121006000,67600.15,
"Census Tract 601.01, Georgia",13247060101,86376.7,
"Census Tract 601.03, Georgia",13247060103,129195.38,
"Census Tract 601.04, Georgia",13247060104,109508.13,
"Census Tract 602.01, Georgia",13247060201,92599.93,
"Census Tract 602.03, Georgia",13247060203,72082.7,
"Census Tract 602.04, Georgia",13247060204,91235.8,
"Census Tract 603.05, Georgia",13247060305,74384.88,
"Census Tract 603.06, Georgia",13247060306,93655.25,
"Census Tract 603.10, Georgia",13247060310,54360.7,
"Census Tract 603.11, Georgia",13247060311,85108.09,
"Census Tract 603.12, Georgia",13247060312,128725.11,
"Census Tract 603.13, Georgia",13247060313,108380.95,
"Census Tract 603.14, Georgia",13247060314,62078.98,
"Census Tract 603.15, Georgia",13247060315,75682.58,
"Census Tract 603.16, Georgia",13247060316,65047.08,
"Census Tract 603.17, Georgia",13247060317,70023.51,
"Census Tract 603.18, Georgia",13247060318,60273.27,
"Census Tract 604.03, Georgia",13247060403,103935.82,
"Census Tract 604.06, Georgia",13247060406,119520.25,
"Census Tract 604.07, Georgia",13247060407,88033.68,
"Census Tract 604.08, Georgia",13247060408,122235.75,
"Census Tract 604.09, Georgia",13247060409,89123.86,
"Census Tract 604.10, Georgia",13247060410,74080.14,
"Census Tract 604.11, Georgia",13247060411,85516.66,
"Census Tract 61, Georgia",13121006100,44561.13,
"Census Tract 62, Georgia",13121006200,79344.2,
"Census Tract 63, Georgia",13121006300,52582.1,
"Census Tract 64, Georgia",13121006400,85740.51,
"Census Tract 65, Georgia",13121006500,79784.17,
"Census Tract 66.01, Georgia",13121006601,66543.33,
"Census Tract 66.02, Georgia",13121006602,36031.9,
"Census Tract 67.01, Georgia",13121006701,42024.9,
"Census Tract 67.02, Georgia",13121006702,57062.13,
"Census Tract 68.01, Georgia",13121006801,0,
"Census Tract 68.02, Georgia",13121006802,24558.89,
"Census Tract 69, Georgia",13121006900,92596.79,
"Census Tract 7, Georgia",13121000700,121938.4,
"Census Tract 70.01, Georgia",13121007001,40938.73,
"Census Tract 70.02, Georgia",13121007002,60161.37,
"Census Tract 701.09, Georgia",13151070109,80646.24,
"Census Tract 701.13, Georgia",13151070113,50252.95,
"Census Tract 701.14, Georgia",13151070114,60858.16,
"Census Tract 701.15, Georgia",13151070115,70465.73,
"Census Tract 701.16, Georgia",13151070116,78525.54,
"Census Tract 701.17, Georgia",13151070117,80543.98,
"Census Tract 701.18, Georgia",13151070118,77771.48,
"Census Tract 701.19, Georgia",13151070119,55943.39,
"Census Tract 701.20, Georgia",13151070120,68903.56,
"Census Tract 701.21, Georgia",13151070121,92991.86,
"Census Tract 701.22, Georgia",13151070122,81419.06,
"Census Tract 701.23, Georgia",13151070123,51191.72,
"Census Tract 701.24, Georgia",13151070124,100472.88,
"Census Tract 701.25, Georgia",13151070125,67417.22,
"Census Tract 701.26, Georgia",13151070126,70355.08,
"Census Tract 701.27, Georgia",13151070127,66236.38,
"Census Tract 701.28, Georgia",13151070128,74343.38,
"Census Tract 702.04, Georgia",13151070204,93595.54,
"Census Tract 702.06, Georgia",13151070206,109751.17,
"Census Tract 702.07, Georgia",13151070207,122939.06,
"Census Tract 702.08, Georgia",13151070208,111159.3,
"Census Tract 702.09, Georgia",13151070209,110756.83,
"Census Tract 702.10, Georgia",13151070210,121429.57,
"Census Tract 702.11, Georgia",13151070211,84186.36,
"Census Tract 702.12, Georgia",13151070212,72652.41,
"Census Tract 702.13, Georgia",13151070213,123817.24,
"Census Tract 702.14, Georgia",13151070214,123255.17,
"Census Tract 702.15, Georgia",13151070215,105328.67,
"Census Tract 702.16, Georgia",13151070216,131976.52,
"Census Tract 703.07, Georgia",13151070307,90018.72,
"Census Tract 703.10, Georgia",13151070310,90783.32,
"Census Tract 703.12, Georgia",13151070312,70258.3,
"Census Tract 703.13, Georgia",13151070313,98819.16,
"Census Tract 703.14, Georgia",13151070314,85980.91,
"Census Tract 703.15, Georgia",13151070315,122049.89,
"Census Tract 703.16, Georgia",13151070316,80171.18,
"Census Tract 703.17, Georgia",13151070317,67877.17,
"Census Tract 703.18, Georgia",13151070318,76820,
"Census Tract 703.19, Georgia",13151070319,88125.81,
"Census Tract 703.20, Georgia",13151070320,74713.72,
"Census Tract 703.21, Georgia",13151070321,94807.65,
"Census Tract 703.22, Georgia",13151070322,61784.44,
"Census Tract 703.23, Georgia",13151070323,43785.07,
"Census Tract 703.24, Georgia",13151070324,48434.46,
"Census Tract 703.25, Georgia",13151070325,44721.38,
"Census Tract 704.05, Georgia",13151070405,59106.73,
"Census Tract 704.06, Georgia",13151070406,75611.7,
"Census Tract 704.07, Georgia",13151070407,85736.92,
"Census Tract 704.08, Georgia",13151070408,65538.82,
"Census Tract 704.09, Georgia",13151070409,93618.38,
"Census Tract 704.10, Georgia",13151070410,76830.27,
"Census Tract 704.11, Georgia",13151070411,76287.33,
"Census Tract 704.12, Georgia",13151070412,79932.88,
"Census Tract 705.03, Georgia",13151070503,68782.64,
"Census Tract 705.04, Georgia",13151070504,62825.39,
"Census Tract 705.05, Georgia",13151070505,68682.38,
"Census Tract 705.06, Georgia",13151070506,85314.26,
"Census Tract 705.07, Georgia",13151070507,79521.78,
"Census Tract 705.08, Georgia",13151070508,115935.26,
"Census Tract 71, Georgia",13121007100,40721.25,
"Census Tract 72, Georgia",13121007200,60576.78,
"Census Tract 73.01, Georgia",13121007301,44315.03,
"Census Tract 73.02, Georgia",13121007302,41262.07,
"Census Tract 74, Georgia",13121007400,36906.53,
"Census Tract 75, Georgia",13121007500,51926.71,
"Census Tract 76.02, Georgia",13121007602,61568.78,
"Census Tract 76.03, Georgia",13121007603,25866.3,
"Census Tract 76.04, Georgia",13121007604,35721.7,
"Census Tract 77.03, Georgia",13121007703,66207.18,
"Census Tract 77.05, Georgia",13121007705,48876.95,
"Census Tract 77.07, Georgia",13121007707,85088.97,
"Census Tract 77.08, Georgia",13121007708,94534.5,
"Census Tract 77.09, Georgia",13121007709,88919.45,
"Census Tract 77.10, Georgia",13121007710,54651.95,
"Census Tract 77.11, Georgia",13121007711,52739.94,
"Census Tract 78.05, Georgia",13121007805,54436.76,
"Census Tract 78.06, Georgia",13121007806,60613.81,
"Census Tract 78.07, Georgia",13121007807,48388.41,
"Census Tract 78.08, Georgia",13121007808,24267.52,
"Census Tract 78.09, Georgia",13121007809,83264.33,
"Census Tract 78.10, Georgia",13121007810,68292.67,
"Census Tract 79, Georgia",13121007900,89587.77,
"Census Tract 80, Georgia",13121008000,78320.99,
"Census Tract 801.04, Georgia",13097080104,60651.76,
"Census Tract 801.05, Georgia",13097080105,99696.95,
"Census Tract 801.06, Georgia",13097080106,61116.18,
"Census Tract 801.07, Georgia",13097080107,51039.13,
"Census Tract 802.01, Georgia",13097080201,79490.62,
"Census Tract 802.03, Georgia",13097080203,72203.2,
"Census Tract 802.04, Georgia",13097080204,53781.1,
"Census Tract 803.03, Georgia",13097080303,47792.77,
"Census Tract 803.04, Georgia",13097080304,54843.33,
"Census Tract 803.05, Georgia",13097080305,60652.76,
"Census Tract 803.06, Georgia",13097080306,55626.93,
"Census Tract 803.07, Georgia",13097080307,72660.77,
"Census Tract 804.03, Georgia",13097080403,116807.93,
"Census Tract 804.05, Georgia",13097080405,125708.39,
"Census Tract 804.06, Georgia",13097080406,97311.81,
"Census Tract 804.07, Georgia",13097080407,96165.45,
"Census Tract 804.08, Georgia",13097080408,69818.47,
"Census Tract 805.05, Georgia",13097080505,66822.12,
"Census Tract 805.06, Georgia",13097080506,86152.74,
"Census Tract 805.07, Georgia",13097080507,112647.39,
"Census Tract 805.08, Georgia",13097080508,77692.68,
"Census Tract 805.09, Georgia",13097080509,107928.48,
"Census Tract 805.12, Georgia",13097080512,88596.64,
"Census Tract 805.13, Georgia",13097080513,79693.63,
"Census Tract 805.14, Georgia",13097080514,133399.44,
"Census Tract 805.15, Georgia",13097080515,96668.47,
"Census Tract 806.02, Georgia",13097080602,114617.69,
"Census Tract 806.05, Georgia",13097080605,83546.41,
"Census Tract 806.06, Georgia",13097080606,95608.85,
"Census Tract 806.07, Georgia",13097080607,121695.75,
"Census Tract 806.08, Georgia",13097080608,82510.51,
"Census Tract 81.03, Georgia",13121008103,44552,
"Census Tract 81.04, Georgia",13121008104,59864.06,
"Census Tract 82.02, Georgia",13121008202,40906.13,
"Census Tract 82.03, Georgia",13121008203,68379.83,
"Census Tract 82.04, Georgia",13121008204,50564.46,
"Census Tract 83.01, Georgia",13121008301,39165.17,
"Census Tract 83.02, Georgia",13121008302,40893.07,
"Census Tract 84, Georgia",13121008400,45825.2,
"Census Tract 85, Georgia",13121008500,47068.79,
"Census Tract 86.01, Georgia",13121008601,32812.19,
"Census Tract 86.02, Georgia",13121008602,52059.33,
"Census Tract 87.01, Georgia",13121008701,42272.62,
"Census Tract 87.02, Georgia",13121008702,104323.02,
"Census Tract 88.01, Georgia",13121008801,122997.51,
"Census Tract 88.02, Georgia",13121008802,172160.56,
"Census Tract 89.03, Georgia",13121008903,99424.45,
"Census Tract 89.05, Georgia",13121008905,120901.14,
"Census Tract 89.06, Georgia",13121008906,163516.32,
"Census Tract 89.07, Georgia",13121008907,105797.98,
"Census Tract 89.08, Georgia",13121008908,113549.72,
"Census Tract 89.09, Georgia",13121008909,137607.35,
"Census Tract 9, Georgia",13059000900,32721.15,
"Census Tract 90.01, Georgia",13121009001,99060.38,
"Census Tract 90.02, Georgia",13121009002,282269.08,
"Census Tract 903.01, Georgia",13057090301,133847.14,
"Census Tract 903.02, Georgia",13057090302,114977.46,
"Census Tract 905.03, Georgia",13057090503,155081.41,
"Census Tract 905.04, Georgia",13057090504,152043.19,
"Census Tract 905.05, Georgia",13057090505,138327.5,
"Census Tract 906.03, Georgia",13057090603,126408.15,
"Census Tract 906.06, Georgia",13057090606,102467.1,
"Census Tract 907.03, Georgia",13057090703,58083.36,
"Census Tract 907.04, Georgia",13057090704,84539.47,
"Census Tract 907.05, Georgia",13057090705,130974.52,
"Census Tract 907.06, Georgia",13057090706,149326.74,
"Census Tract 907.07, Georgia",13057090707,105139.39,
"Census Tract 907.08, Georgia",13057090708,95108.42,
"Census Tract 907.09, Georgia",13057090709,100115.72,
"Census Tract 907.10, Georgia",13057090710,116127.47,
"Census Tract 908.05, Georgia",13057090805,107064.4,
"Census Tract 908.06, Georgia",13057090806,119690.05,
"Census Tract 908.07, Georgia",13057090807,123671.77,
"Census Tract 908.08, Georgia",13057090808,125758.29,
"Census Tract 908.09, Georgia",13057090809,122222.35,
"Census Tract 908.10, Georgia",13057090810,144612.91,
"Census Tract 909.05, Georgia",13057090905,97055.22,
"Census Tract 909.06, Georgia",13057090906,131423.74,
"Census Tract 909.07, Georgia",13057090907,117420.78,
"Census Tract 909.08, Georgia",13057090908,109194.65,
"Census Tract 909.09, Georgia",13057090909,96339.69,
"Census Tract 909.10, Georgia",13057090910,132579.73,
"Census Tract 909.11, Georgia",13057090911,128052.82,
"Census Tract 909.12, Georgia",13057090912,122211.69,
"Census Tract 91.03, Georgia",13121009103,128042.49,
"Census Tract 91.04, Georgia",13121009104,98786.85,
"Census Tract 91.05, Georgia",13121009105,238093.52,
"Census Tract 91.06, Georgia",13121009106,99630.31,
"Census Tract 910.01, Georgia",13057091001,83561.84,
"Census Tract 910.06, Georgia",13057091006,136272.88,
"Census Tract 910.07, Georgia",13057091007,128271.4,
"Census Tract 910.09, Georgia",13057091009,104899.44,
"Census Tract 910.10, Georgia",13057091010,153885.83,
"Census Tract 910.11, Georgia",13057091011,81947.88,
"Census Tract 910.12, Georgia",13057091012,85261.95,
"Census Tract 910.13, Georgia",13057091013,80523.52,
"Census Tract 910.14, Georgia",13057091014,71786.57,
"Census Tract 9101.01, Georgia",13045910101,74813.07,
"Census Tract 9101.03, Georgia",13045910103,79374.31,
"Census Tract 9101.05, Georgia",13045910105,77622.96,
"Census Tract 9101.06, Georgia",13045910106,60214.58,
"Census Tract 9102.01, Georgia",13045910201,73022.96,
"Census Tract 9102.02, Georgia",13045910202,80334.83,
"Census Tract 9102.03, Georgia",13045910203,72457.05,
"Census Tract 9103.01, Georgia",13045910301,56535.76,
"Census Tract 9103.02, Georgia",13045910302,64490.27,
"Census Tract 9104, Georgia",13045910400,73522.78,
"Census Tract 9105.02, Georgia",13045910502,27312.08,
"Census Tract 9105.03, Georgia",13045910503,48622.87,
"Census Tract 9105.04, Georgia",13045910504,78893.04,
"Census Tract 9106, Georgia",13045910600,74067.17,
"Census Tract 9107.04, Georgia",13045910704,116527.52,
"Census Tract 9107.05, Georgia",13045910705,49979.85,
"Census Tract 9107.06, Georgia",13045910706,109601.1,
"Census Tract 9107.07, Georgia",13045910707,71528.3,
"Census Tract 9107.08, Georgia",13045910708,56805.26,
"Census Tract 9107.09, Georgia",13045910709,74524.87,
"Census Tract 9108, Georgia",13045910800,60684.72,
"Census Tract 9109, Georgia",13045910900,75863.13,
"Census Tract 911.01, Georgia",13057091101,115740.07,
"Census Tract 911.04, Georgia",13057091104,108066.65,
"Census Tract 911.05, Georgia",13057091105,93524.9,
"Census Tract 911.06, Georgia",13057091106,108507.58,
"Census Tract 911.07, Georgia",13057091107,66962.65,
"Census Tract 911.08, Georgia",13057091108,101341.88,
"Census Tract 9110.01, Georgia",13045911001,96282.06,
"Census Tract 9110.02, Georgia",13045911002,68192.01,
"Census Tract 9111.01, Georgia",13045911101,80897.53,
"Census Tract 9111.02, Georgia",13045911102,91092.88,
"Census Tract 9112.01, Georgia",13045911201,59132.02,
"Census Tract 9112.02, Georgia",13045911202,60581.24,
"Census Tract 92.01, Georgia",13121009201,79005.2,
"Census Tract 92.02, Georgia",13121009202,118863.33,
"Census Tract 92.03, Georgia",13121009203,106502.2,
"Census Tract 93.01, Georgia",13121009301,184088.55,
"Census Tract 93.02, Georgia",13121009302,150028.84,
"Census Tract 94.05, Georgia",13121009405,96217.62,
"Census Tract 94.06, Georgia",13121009406,98209.79,
"Census Tract 94.07, Georgia",13121009407,74895.13,
"Census Tract 94.08, Georgia",13121009408,64460.71,
"Census Tract 94.09, Georgia",13121009409,87234.74,
"Census Tract 94.10, Georgia",13121009410,131355.33,
"Census Tract 94.11, Georgia",13121009411,125121.34,
"Census Tract 95.01, Georgia",13121009501,229256.94,
"Census Tract 95.03, Georgia",13121009503,87748.8,
"Census Tract 95.04, Georgia",13121009504,145864.66,
"Census Tract 9501, Georgia",13133950100,69078.66,
"Census Tract 9503.01, Georgia",13133950301,197320.74,
"Census Tract 9503.02, Georgia",13133950302,130320.35,
"Census Tract 9503.04, Georgia",13133950304,57302.82,
"Census Tract 9503.05, Georgia",13133950305,48372.4,
"Census Tract 9505, Georgia",13133950500,106671.17,
"Census Tract 9561.01, Alabama",01019956101,46027.51,
"Census Tract 9595, Alabama",01029959500,64987.27,
"Census Tract 9596, Alabama",01029959600,59602.57,
"Census Tract 9597, Alabama",01029959700,60578.71,
"Census Tract 9598, Alabama",01029959800,61718.91,
"Census Tract 96.01, Georgia",13121009601,140381.24,
"Census Tract 96.04, Georgia",13121009604,131690.89,
"Census Tract 96.05, Georgia",13121009605,113593.62,
"Census Tract 96.06, Georgia",13121009606,242349.86,
"Census Tract 96.07, Georgia",13121009607,150021.86,
"Census Tract 9601.01, Georgia",13237960101,71330.24,
"Census Tract 9601.03, Georgia",13237960103,103650.01,
"Census Tract 9601.04, Georgia",13237960104,130379.4,
"Census Tract 9602.01, Georgia",13237960201,65653.67,
"Census Tract 9602.03, Georgia",13237960203,77891.42,
"Census Tract 9602.03, Georgia",13221960203,51391.35,
"Census Tract 9602.04, Georgia",13237960204,46813.1,
"Census Tract 9602.04, Georgia",13221960204,69807.01,
"Census Tract 9602.05, Georgia",13221960205,79143.93,
"Census Tract 9603, Georgia",13221960300,73140.66,
"Census Tract 9603.01, Georgia",13237960301,84603.5,
"Census Tract 9603.02, Georgia",13015960302,78767.23,
"Census Tract 9604.03, Georgia",13015960403,77501.9,
"Census Tract 9604.05, Georgia",13015960405,76455.96,
"Census Tract 9605.01, Georgia",13015960501,76420.15,
"Census Tract 9605.02, Georgia",13015960502,82530.83,
"Census Tract 9606.01, Georgia",13015960601,85849.56,
"Census Tract 9606.02, Georgia",13015960602,90792.77,
"Census Tract 9607.01, Georgia",13015960701,54889.66,
"Census Tract 9607.02, Georgia",13015960702,86695.87,
"Census Tract 9608.01, Georgia",13015960801,74236.35,
"Census Tract 9608.02, Georgia",13015960802,54467.47,
"Census Tract 9608.04, Georgia",13015960804,105891.34,
"Census Tract 9608.05, Georgia",13015960805,80411.91,
"Census Tract 9609.01, Georgia",13015960901,83504.9,
"Census Tract 9609.02, Georgia",13015960902,87600.71,
"Census Tract 9610.01, Georgia",13015961001,96737.16,
"Census Tract 9610.02, Georgia",13015961002,84965.27,
"Census Tract 97, Georgia",13121009700,249350.77,
"Census Tract 9701, Georgia",13149970100,58498.03,
"Census Tract 9702, Georgia",13149970200,76095.28,
"Census Tract 9703, Georgia",13149970300,61860.15,
"Census Tract 9704, Georgia",13011970400,66930.94,
"Census Tract 98.02, Georgia",13121009802,227877.49,
"Census Tract 98.03, Georgia",13121009803,160024.2,
"Census Tract 98.04, Georgia",13121009804,267390.43,
"Census Tract 9800, Georgia",13121980000,0,
"Census Tract 9800, Georgia",13063980000,0,
"Census Tract 9800, Georgia",13089980000,0,
"Census Tract 99, Georgia",13121009900,228918.13,